datetime,return,equity
2021-01-01,0.03667072864572152,1036670.7286457216
2021-01-02,0.21196198183010662,1256405.5107947295
2021-01-03,0.06772991655111693,1341501.7511952198
2021-01-04,-0.05276332860011845,1270719.6534792723
2021-01-05,0.00862610457214985,1281681.0140920705
2021-01-06,0.1906486652831454,1526031.788747472
2021-01-07,0.00498563552580511,1533640.0270469591
2021-01-08,-0.07379350745032154,1420467.350284958
2021-01-09,0.019213198144153898,1447759.070943284
2021-01-10,0.027984504180977865,1488273.890717145
2021-01-11,-0.03285398946869511,1439378.15598499
2021-01-12,-0.016186720647627606,1416079.3438677636
2021-01-13,0.07344961000727057,1520089.8194142026
2021-01-14,0.04924787939633091,1594951.0195123036
2021-01-15,0.12602411211376108,1795953.3056112796
2021-01-16,0.008210357039831306,1810698.7234772134
2021-01-17,-0.050050873898071946,1720071.6700010553
2021-01-18,-0.026781792083025224,1674005.0681671852
2021-01-19,-0.06372946583070849,1567321.6193749916
2021-01-20,0.04173509669712239,1632733.9387150975
2021-01-21,-0.12851905538496433,1422896.5152164607
2021-01-22,0.06262174237147922,1512000.7742136214
2021-01-23,-0.036649138821513105,1456587.2479412311
2021-01-24,-0.021584725287611795,1425147.2123369812
2021-01-25,-0.04629815173411167,1359165.5304567574
2021-01-26,0.010208564781543528,1373040.659823266
2021-01-27,-0.12341061003958076,1203592.8743853283
2021-01-28,0.5217530838093025,1831571.1682467759
2021-01-29,0.1709426119671824,2144664.7277506636
2021-01-30,0.018865810403309036,2185125.5658830716
2021-01-31,-0.05976047298060938,2054541.4285438776
2021-02-01,-0.13833941183348453,1770317.3757315907
2021-02-02,-0.0378202729770003,1703363.489325495
2021-02-03,0.013547482433625913,1726439.776275212
2021-02-04,0.09056309336687951,1882791.5029263184
2021-02-05,0.056652964163026676,1989457.2224680542
2021-02-06,-0.040530299828175465,1908823.9247460947
2021-02-07,0.03290433985926122,1971632.515897429
2021-02-08,0.03205578121729924,2034834.7364679503
2021-02-09,0.014848677833080082,2065049.3419133232
2021-02-10,-0.026752520339860864,2009804.0673909704
2021-02-11,0.18267196941711417,2376938.9345238055
2021-02-12,-0.02815355378013551,2310019.6563985916
2021-02-13,0.034059884222421566,2388698.6584470454
2021-02-14,-0.1151303027781363,2113687.0586543093
2021-02-15,-0.08088463398264734,1942722.2545611968
2021-02-16,0.00335460406804855,1949239.3185394364
2021-02-17,0.05150108017375632,2049627.248961374
2021-02-18,0.06585023300957271,2184595.6808882495
2021-02-19,0.11312724240606964,2431732.9660393475
2021-02-20,-0.07420017686767977,2251297.9498642604
2021-02-21,0.00025249082827660807,2251866.381948319
2021-02-22,-0.02773629054027127,2189407.9617207306
2021-02-23,-0.12483196857059464,1916099.8558549988
2021-02-24,-0.0291516314553657,1860242.4190254344
2021-02-25,-0.05444678751180443,1758958.1953163117
2021-02-26,0.011867986324835655,1779833.487124283
2021-02-27,0.020557314936448856,1816422.0846535352
2021-02-28,-0.049563121626203466,1726394.5359473298
2021-03-01,0.0452080655917122,1804441.4933656103
2021-03-02,-0.007958157446799619,1790081.4638578687
2021-03-03,0.07548550580050684,1925206.6685812913
2021-03-04,-0.029256621676186256,1868881.6254301376
2021-03-05,-0.07498290672400376,1728747.4488323051
2021-03-06,0.00011321685136489457,1728943.172175267
2021-03-07,0.06030108847099647,1833200.327361933
2021-03-08,0.00969237875479334,1850968.3992681361
2021-03-09,0.042516197288184676,1929664.5369056156
2021-03-10,-0.016710019347319194,1897419.805160087
2021-03-11,0.009956016737235007,1916310.548497822
2021-03-12,0.04241147916330501,1997584.113395859
2021-03-13,0.04644344564476954,2090358.8025872146
2021-03-14,-0.034506310433803034,2018228.2328271074
2021-03-15,0.0638481035986409,2147088.2781223548
2021-03-16,-0.06735452491785876,2002472.16719272
2021-03-17,0.08340000456366248,2169478.3550752
2021-03-18,-0.06827689105066537,2021353.1177889542
2021-03-19,0.02148696216905055,2064785.8557611776
2021-03-20,0.010260226817693452,2085971.0269712526
2021-03-21,-0.02559416476664733,2032582.340808498
2021-03-22,-0.0304251027875867,1970740.8141651659
2021-03-23,0.2691399176422773,2501145.8345838534
2021-03-24,-0.046501806431253345,2384838.0351276994
2021-03-25,-0.03076436784007308,2311470.0005760333
2021-03-26,0.06744568258296813,2467368.6725349375
2021-03-27,0.18543360018472632,2924901.7284661
2021-03-28,0.028251218370501707,3007533.7659092536
2021-03-29,-0.028004098465777005,2923310.494189582
2021-03-30,0.07542949919237296,3143814.340750111
2021-03-31,0.04720119550564772,3292206.1360813156
2021-04-01,0.00942586180376348,3323238.0161495204
2021-04-02,-0.0377605681300236,3197750.6606284217
2021-04-03,-0.045715849935631825,3051562.771295565
2021-04-04,0.077599298613652,3288361.902023633
2021-04-05,0.05256758518107563,3461223.1464144643
2021-04-06,0.04619826599194088,3621125.6539899823
2021-04-07,-0.12351001306962972,3173880.377138908
2021-04-08,0.0023838089546297514,3181446.3016028553
2021-04-09,0.0094657779110221,3211561.1657296703
2021-04-10,0.05258624212544283,3380445.0987914004
2021-04-11,-0.02384757729385245,3299829.673010348
2021-04-12,0.012928466786682025,3342491.41133957
2021-04-13,0.025336853795412395,3427179.627541102
2021-04-14,0.057375509356142995,3623815.8043262693
2021-04-15,0.08847419306748439,3944429.9834392327
2021-04-16,0.1806395779701424,4656950.150980472
2021-04-17,-0.09521580808650953,4213534.879136274
2021-04-18,0.09762443617917094,4624878.846033223
2021-04-19,-0.06111517228384722,4342228.578565982
2021-04-20,0.010614618420371924,4388319.678021494
2021-04-21,-0.10004127100727966,3949306.5998459677
2021-04-22,0.006580142566569247,3975293.6003120467
2021-04-23,0.0022303287192946275,3984159.811796451
2021-04-24,-0.06623599392326185,3720265.026712997
2021-04-25,0.023012310862619012,3805876.921999046
2021-04-26,0.05805757950569168,4026836.923986883
2021-04-27,0.03713668619888466,4176380.3032070654
2021-04-28,-0.06845117916455801,3890502.146812908
2021-04-29,-0.029255506757227212,3776683.5349678155
2021-04-30,0.00798321757031828,3806833.6213217024
2021-05-01,0.017027712310581533,3871655.2890398176
2021-05-02,0.004378409242492554,3888606.9803410945
2021-05-03,-0.0010568390971276154,3884497.348450907
2021-05-04,0.017635352377169955,3953001.827999021
2021-05-05,0.126769935496041,4454123.614750189
2021-05-06,0.029175008067940933,4584072.707146131
2021-05-07,0.0034293995527219234,4599793.324037664
2021-05-08,-0.05688420675849981,4338137.729546738
2021-05-09,0.1418616492664344,4953553.102605184
2021-05-10,0.060343352710740206,5252467.104647069
2021-05-11,0.1069589822273238,5814265.640342617
2021-05-12,-0.11088801569577822,5169533.260756881
2021-05-13,-0.018126724198565425,5075826.55710383
2021-05-14,0.08415876542228129,5503001.853647318
2021-05-15,-0.08982200396397366,5008711.199335254
2021-05-16,-0.021567625931658063,4900685.189788285
2021-05-17,-0.07043946328857753,4555483.555273318
2021-05-18,0.008526748868400214,4594327.01952326
2021-05-19,-0.5009499956488093,2292798.919083876
2021-05-20,0.009132455420294283,2313737.8030001083
2021-05-21,-0.06267522761258837,2168723.7595612262
2021-05-22,-0.10771248388301125,1935125.1365627842
2021-05-23,-0.10297329884017847,1735858.9175823634
2021-05-24,0.19177340448365277,2068750.4919104413
2021-05-25,-0.018974109165015185,2029497.7942417539
2021-05-26,0.1519031078969233,2337784.8166570268
2021-05-27,0.016693947206603665,2376811.6729666987
2021-05-28,-0.1095845036899431,2116349.94542018
2021-05-29,0.02729717684922961,2174120.324155172
2021-05-30,-0.06555400532146072,2031598.028856008
2021-05-31,0.022596293556959912,2077504.6143057793
2021-06-01,-0.07272143425610977,1926425.499079777
2021-06-02,0.04497049675593123,2013057.810736687
2021-06-03,0.10912386358983017,2232730.4566739593
2021-06-04,-0.059895611401512894,2098999.7008766932
2021-06-05,-0.014309998673899926,2068963.0179406314
2021-06-06,0.017213960764439706,2104578.0661545377
2021-06-07,-0.09696876934170828,1900499.72109598
2021-06-08,-0.05410206325165445,1797678.7649754938
2021-06-09,0.020225157838249297,1834037.1017395922
2021-06-10,-0.07904566905909438,1689064.4119533838
2021-06-11,-0.09312936819356987,1531762.9104299215
2021-06-12,0.014503120188346763,1553978.2520199385
2021-06-13,-0.0019473648276191469,1550952.0894290698
2021-06-14,0.0008797032302250152,1552316.4669920648
2021-06-15,0.002304639818640819,1555893.9973330265
2021-06-16,-0.006044252103261316,1546489.7817671949
2021-06-17,0.005233332388031364,1554583.0768298765
2021-06-18,-0.05414132205818378,1470415.893801028
2021-06-19,-0.0843066285721149,1346450.0871958102
2021-06-20,0.018207878171842884,1370966.0863479387
2021-06-21,-0.15632427714433184,1156650.8039102035
2021-06-22,-0.08992221408881351,1052642.202694992
2021-06-23,-0.007664290043986832,1044574.4475409964
2021-06-24,0.008211589944589592,1053152.0645707992
2021-06-25,-0.09316318908343135,955037.0596455837
2021-06-26,-0.04178222103952023,915133.4901185385
2021-06-27,0.07881518590733827,987259.9062722625
2021-06-28,0.032208705527955184,1019058.2698729425
2021-06-29,0.05745028164058508,1077603.4544853105
2021-06-30,-0.013393924713095307,1063170.1149453628
2021-07-01,-0.0679261611490034,990953.0503887796
2021-07-02,0.0392334226811335,1029831.5302718411
2021-07-03,0.04725413402384615,1078495.3274252892
2021-07-04,0.04084515689040735,1122546.6382795463
2021-07-05,0.008227173898229356,1131782.0246815449
2021-07-06,0.12148591941525178,1269277.6045276376
2021-07-07,0.04453524488860294,1325805.193476895
2021-07-08,-0.0931587349407138,1202294.8588747592
2021-07-09,-0.0380062824488141,1156600.100881608
2021-07-10,-0.028496027078434683,1123641.5930879656
2021-07-11,-0.0020801032805023434,1121304.3025240742
2021-07-12,-0.03876441872732306,1077837.5930202822
2021-07-13,-0.011095693303468823,1065878.23765718
2021-07-14,-0.025228539490451785,1038987.6864464327
2021-07-15,-0.042665713065617505,994658.5359377994
2021-07-16,-0.05570860904227104,939247.4924286829
2021-07-17,0.040204520888596385,977009.4878575937
2021-07-18,-0.07550008825632493,903245.1852970786
2021-07-19,-0.035500270999300865,871179.7364402185
2021-07-20,-0.07330026336564832,807322.0323203343
2021-07-21,0.0872215836428587,877737.9384890851
2021-07-22,0.029517640908399922,903646.6917690852
2021-07-23,0.023735025524803444,925094.7690636286
2021-07-24,0.011791029775792161,936002.5890310875
2021-07-25,-0.0012587252429814288,934824.418944778
2021-07-26,0.038368736196799924,970692.4504655971
2021-07-27,0.010894796533086115,981267.9472096225
2021-07-28,-0.010809111994950604,970661.3120711785
2021-07-29,0.1054628655712766,1073030.0355413803
2021-07-30,0.039279135900090356,1115177.7281322887
2021-07-31,0.037049363779420696,1156494.3534605699
2021-08-01,-0.05728538238904568,1090244.1321918091
2021-08-02,0.025523773193806054,1118071.2761477507
2021-08-03,-0.04497208178554979,1067789.28327476
2021-08-04,0.020702224689779447,1089894.8969384525
2021-08-05,0.07752695667540399,1174391.1313941437
2021-08-06,0.029527569982317203,1209068.0477129968
2021-08-07,0.08921010570554477,1316929.13605467
2021-08-08,-0.09171883860593344,1196141.9251694202
2021-08-09,0.028421992533017804,1230138.6620350152
2021-08-10,-0.07019960530151914,1143783.4134940184
2021-08-11,-0.008075617064865148,1134546.6566414963
2021-08-12,-0.035624055513991615,1094129.5035620863
2021-08-13,0.10236881360631478,1206134.242773403
2021-08-14,-0.02695462731218934,1173623.3437709762
2021-08-15,0.002660978560433458,1176746.330326775
2021-08-16,-0.036877989979429704,1133350.2909486536
2021-08-17,-0.03368076443570256,1095178.1867760771
2021-08-18,0.08388329801264938,1187045.3449943676
2021-08-19,0.08739568871852188,1290787.9904602657
2021-08-20,0.01719305564851603,1312980.5802106853
2021-08-21,0.05760671341657986,1388617.076216417
2021-08-22,0.14479337606040255,1589679.6307369173
2021-08-23,-0.023512238204959512,1552302.7045894586
2021-08-24,-0.05326460752384243,1469619.9102713019
2021-08-25,-0.061835574679940275,1378745.1185585938
2021-08-26,-0.08065977761975962,1267535.8439013285
2021-08-27,0.05863485490210407,1341857.6241916989
2021-08-28,0.0058099973476049005,1349653.813429116
2021-08-29,-0.038329098628005154,1297922.7993005281
2021-08-30,-0.0005805368533829958,1297169.307282688
2021-08-31,0.05563575795233744,1369338.3048858691
2021-09-01,0.012625382182031686,1386626.7243215486
2021-09-02,0.01026585917582179,1400861.6390028647
2021-09-03,0.06722299723626768,1495031.7570899478
2021-09-04,-0.004915107669231089,1487683.515034931
2021-09-05,-0.020222007267543196,1457599.5681820903
2021-09-06,-0.016769106282728652,1433156.9261055854
2021-09-07,-0.20426416144084503,1140414.328381489
2021-09-08,0.08041705390726506,1232123.0889035605
2021-09-09,0.005952874050811463,1239457.7624669003
2021-09-10,-0.07717797238465873,1143798.925503279
2021-09-11,-0.0027776456191787036,1140621.8574286336
2021-09-12,0.01764083891315371,1160743.3838763544
2021-09-13,-0.022942848066960453,1134112.6247753496
2021-09-14,0.03590442030749119,1174832.281131316
2021-09-15,-0.0063978384390720455,1167315.8940036313
2021-09-16,0.009375038925266477,1178259.5259479976
2021-09-17,-0.0309645497940223,1141775.2501864997
2021-09-18,-0.021951581080909666,1116711.478205855
2021-09-19,-0.02591620659276217,1087770.5528321632
2021-09-20,-0.10567588825888319,972819.4334397678
2021-09-21,-0.05695340302548313,917414.0561760506
2021-09-22,0.09121578112255846,1001096.6959229637
2021-09-23,0.06277090412378783,1063936.440641385
2021-09-24,-0.1001166175321464,957418.7229351782
2021-09-25,-0.0471975942974967,912230.8624772562
2021-09-26,0.004536857691953111,916369.5240825233
2021-09-27,-0.05656441518351962,864535.6178607951
2021-09-28,-0.053671413457162975,818134.7692661446
2021-09-29,-0.001741467035550559,816710.0145348299
2021-09-30,0.015321391046409172,829223.1480390365
2021-10-01,0.1236983269282117,931796.6641016101
2021-10-02,-0.018319683370202733,914726.4442498574
2021-10-03,-0.005137332531466532,910027.19033042
2021-10-04,0.006734673229369825,916155.926087137
2021-10-05,0.019711945973907463,934215.1422058417
2021-10-06,-0.046791904144429686,890501.4368214712
2021-10-07,-0.021860750036289178,871034.4075041607
2021-10-08,-0.006816974765693873,865096.5879281536
2021-10-09,-0.022293429098340756,845810.6184819608
2021-10-10,-0.08208441394407306,776382.7495561951
2021-10-11,-0.0313716728442609,752026.3239351904
2021-10-12,-0.022440388562595115,735150.5610167847
2021-10-13,-0.015848514314440454,723499.5168272413
2021-10-14,-0.004245962361471345,720427.5651102501
2021-10-15,-0.002172157070342795,718862.6832810261
2021-10-16,-0.045013932481166696,686503.8469925837
2021-10-17,-0.07604548057839233,634298.3320291175
2021-10-18,-0.02209896022122193,620280.9984212186
2021-10-19,-0.04568677314190672,591942.361162113
2021-10-20,-0.01383775174685331,583751.2097199056
2021-10-21,0.0010178438079866403,584345.3772741237
2021-10-22,0.02530834256476333,599134.1902583132
2021-10-23,-0.026455172582390385,583283.9918550188
2021-10-24,-0.011327203714712186,576677.0152557464
2021-10-25,0.05065529344921549,605888.758688944
2021-10-26,0.01778613119464789,616665.175640348
2021-10-27,-0.10777066480753239,550206.759697934
2021-10-28,0.1913628628954862,655495.9004181793
2021-10-29,-0.03708467633787638,631187.0471103663
2021-10-30,0.017949908515136226,642516.7968619365
2021-10-31,-0.06517695738613083,600639.5069729927
2021-11-01,0.13899107054244064,684123.0350572527
2021-11-02,0.0995822614535744,752249.5540007369
2021-11-03,-0.040706010562181816,721628.4757101863
2021-11-04,-0.061825088704649867,677013.7311876027
2021-11-05,-0.0542712675894329,640271.3378206
2021-11-06,0.011521103067382965,647647.9698947223
2021-11-07,0.015225135186958338,657508.4977899286
2021-11-08,0.05135737786746253,691276.4101619936
2021-11-09,0.03522215166905007,715624.6527259558
2021-11-10,-0.10056393148599674,643658.6241795325
2021-11-11,-0.00019030954260679245,643536.1298011701
2021-11-12,-0.062044131060996266,603608.4898212999
2021-11-13,-0.0008364173531858476,603103.621205883
2021-11-14,0.0073221363818767315,607519.6281727562
2021-11-15,-0.021855907292078203,594241.7355012946
2021-11-16,-0.08563551782528322,543353.5367682462
2021-11-17,-0.0011442411076314496,542731.809315499
2021-11-18,-0.07165645699944856,503841.57075905
2021-11-19,-0.009733927763276418,498937.2133051457
2021-11-20,0.017464290587320352,507650.7977831346
2021-11-21,-0.02585275157106859,494526.62782319245
2021-11-22,-0.014502680847413352,487354.6659693251
2021-11-23,0.03424114367503206,504042.24710747803
2021-11-24,0.02631326265374989,517305.24314420344
2021-11-25,-0.0685119096004898,481863.6730900484
2021-11-26,0.00035382284889884374,482034.167467642
2021-11-27,-0.00647254716519452,478914.1785834724
2021-11-28,-0.04267392584119212,458477.03044230584
2021-11-29,-0.005954011954578897,455747.25272215257
2021-11-30,-0.025698543810141805,444035.2119817205
2021-12-01,-0.03826661697386735,427043.4866019061
2021-12-02,-0.06430476921469752,399582.5537513307
2021-12-03,-0.05053349256296491,379390.2517430473
2021-12-04,-0.0705628325215778,352619.40094898344
2021-12-05,-0.07006269521907782,327913.935331961
2021-12-06,-0.02223864187524749,320621.57475821045
2021-12-07,-0.013552947179111818,316276.2074910288
2021-12-08,-0.03977815082282865,303695.3248077784
2021-12-09,-0.11800847738887754,267856.7019370919
2021-12-10,-0.08026778452986016,246356.4379011264
2021-12-11,-0.025938863004498658,239966.2320081328
2021-12-12,-0.039992866837593066,230369.2944459126
2021-12-13,-0.08779932054902106,210143.02691820406
2021-12-14,-0.02733892101896873,204397.94330260027
2021-12-15,0.026866456156029228,209889.39168472216
2021-12-16,-0.014717138841287447,206800.42036598473
2021-12-17,0.27155703397785036,262958.5291459442
2021-12-18,-0.03687390455505424,253262.22144027922
2021-12-19,-0.06929875278787134,235711.46536618218
2021-12-20,0.0818072625892643,254994.37510869373
2021-12-21,0.002220725784007671,255560.64769227448
2021-12-22,0.05350380556686929,269234.11489694513
2021-12-23,0.053648767674149056,283678.1933770065
2021-12-24,-0.0379846023581033,272902.7900039158
2021-12-25,-0.006270157723842873,271191.6464673144
2021-12-26,0.005018553676788606,272552.6363018073
2021-12-27,-0.02213167325109766,266520.5904114504
2021-12-28,-0.0626124088502854,249833.09423758922
2021-12-29,-0.039162730868250395,240048.9480059803
2021-12-30,0.002991650316824801,240767.09051733583
2021-12-31,-0.01830362456001111,236360.1800861003
2022-01-01,0.06328256329685278,251317.65814325446
2022-01-02,-0.012044314755899621,248290.70916486153
2022-01-03,-0.011145148809196814,245523.47226327815
2022-01-04,-0.0006435177012735771,245365.47356279855
2022-01-05,-0.08617164103166719,224221.92805338008
2022-01-06,0.011059203718817079,226701.64403394834
2022-01-07,-0.04390749562124119,216747.74259119958
2022-01-08,-0.04392223723746891,207227.69682042307
2022-01-09,0.006219498859942663,208516.54924454624
2022-01-10,-0.004037469778802483,207674.6699785912
2022-01-11,0.011472926464248134,210057.3061957426
2022-01-12,-0.006094750115396064,208777.0594045663
2022-01-13,-0.044566566400505714,199472.58272371037
2022-01-14,0.00804447082190407,201077.23409520113
2022-01-15,-0.032883111583019486,194465.18896964367
2022-01-16,0.004742380153364589,195387.41682233362
2022-01-17,-0.03398494724452039,188747.1857693835
2022-01-18,-0.03794449769586461,181585.2686138562
2022-01-19,-0.04154397617200756,174041.4945413746
2022-01-20,-0.02270845669353505,170089.28079970364
2022-01-21,-0.10922070372603587,151512.0098545047
2022-01-22,-0.09605490623967305,136958.53795374584
2022-01-23,-0.007673048110894198,135907.648502829
2022-01-24,0.014815051000407475,137921.12724674385
2022-01-25,0.0012958295647857998,138099.84952103876
2022-01-26,-0.05780371110744298,130117.16571534329
2022-01-27,0.010734065450764607,131513.85188839975
2022-01-28,-0.029659876058925172,127613.16734135797
2022-01-29,0.015209972355337609,129554.16008879709
2022-01-30,-0.020859671632813992,126851.70285067977
2022-01-31,0.0183429765435561,129178.54066057994
2022-02-01,0.007591607757329255,130159.21347193926
2022-02-02,-0.07635661374487679,120220.69668352543
2022-02-03,0.03073899341838815,123916.15988763435
2022-02-04,0.047143238114075725,129757.96891939898
2022-02-05,-0.027536141668926817,126184.93510456219
2022-02-06,0.010681985663806737,127532.84077233751
2022-02-07,0.038871331812972976,132490.2121430501
2022-02-08,-0.02559998898712479,129098.46417128618
2022-02-09,-0.005574410416230524,128378.81634789039
2022-02-10,0.013087599547774609,130058.98688666889
2022-02-11,0.006287413878234505,130876.72156580926
2022-02-12,-0.046169058043491695,124834.26661129552
2022-02-13,-0.04437595290303242,119294.62707546807
2022-02-14,-0.022385990361367014,116624.09870359377
2022-02-15,0.09418479883232211,127608.31597899264
2022-02-16,-0.02151590291904626,124862.70784072565
2022-02-17,-0.05361873962569086,118167.72682005506
2022-02-18,-0.04479801444353937,112874.04728721002
2022-02-19,-0.037921539254454295,108593.68967219896
2022-02-20,-0.05572187399334183,102542.64577981262
2022-02-21,-0.058528849170796926,96540.94273139151
2022-02-22,0.00965664091566043,97473.20394900789
2022-02-23,-0.025393150980042134,94998.0521646223
2022-02-24,0.006835959913506828,95647.45504108089
2022-02-25,0.01190244834491705,96785.89393403014
2022-02-26,0.018233467816362703,98550.63641615417
2022-02-27,-0.03595977276242801,95006.77792503661
2022-02-28,0.0807375282748477,102677.39034406144
2022-03-01,0.016080261260523088,104328.46960634267
2022-03-02,-0.054120863549135256,98682.12273848768
2022-03-03,-0.08932552732286458,89867.29008753262
2022-03-04,-0.0682857623568377,83730.63367296237
2022-03-05,0.026264592673266973,85929.78466065727
2022-03-06,-0.043430670059556475,82197.79653477154
2022-03-07,-0.03856986821826636,79027.43835459353
2022-03-08,0.1595489128353449,91636.18022823117
2022-03-09,0.07419136787701253,98434.79378638808
2022-03-10,0.008420234833814488,99263.63786588758
2022-03-11,-0.06766752214351768,92546.7134525515
2022-03-12,-0.010896472415140801,91538.28074230383
2022-03-13,-0.036369405613968286,88209.08788078168
2022-03-14,0.01030359853020646,89117.95890902095
2022-03-15,0.019707445782763955,90874.24625249108
2022-03-16,0.06907829100862739,97151.68388031033
2022-03-17,0.006133196256771445,97747.53422422409
2022-03-18,0.023355788045225312,100030.50491550849
2022-03-19,0.05891809978014573,105924.11218517876
2022-03-20,-0.023823271354609377,103400.65331759516
2022-03-21,-0.01657283897372941,101687.01094038424
2022-03-22,-0.030498349521974277,98585.72493887958
2022-03-23,-0.036953156351250294,94942.67123121179
2022-03-24,-0.005547572583494587,94415.96987128578
2022-03-25,-0.04400970631187473,90260.75076609968
2022-03-26,0.21890251349591616,110019.05597882734
2022-03-27,-0.027381371072168537,107006.58338206139
2022-03-28,-0.0579806868526942,100802.26817980937
2022-03-29,0.0037468951404595607,101179.96370859961
2022-03-30,0.17208229852236157,118591.24442798455
2022-03-31,0.009169203389953084,119678.63166841237
2022-04-01,-0.04230712526094982,114615.37280735777
2022-04-02,-0.07510306140112066,106007.40742589445
2022-04-03,-0.06040966213360888,99603.53575963633
2022-04-04,-0.05126012773280275,94497.8457939586
2022-04-05,-0.02208623596990822,92410.74407310522
2022-04-06,-0.09946251702663655,83219.33886728984
2022-04-07,0.012766763723380148,84281.78050382444
2022-04-08,-0.019041621538049558,82676.91873691765
2022-04-09,-0.02881454896429303,80294.62061375586
2022-04-10,-0.033950949972636146,77568.54196622643
2022-04-11,-0.08976846692857621,70605.33287203337
2022-04-12,0.002993253256734052,70816.67251459538
2022-04-13,0.015075274244954473,71884.25327386803
2022-04-14,-0.03201555257483313,69582.8391838759
2022-04-15,0.002032615337143051,69724.274330003
2022-04-16,0.023121181979150585,71336.38196515122
2022-04-17,-0.06325664518104768,66823.88176268197
2022-04-18,0.04979844108151843,70151.60690147923
2022-04-19,0.030568657189956383,72296.04732417513
2022-04-20,0.04000111767364767,75187.97002052906
2022-04-21,-0.0521282112399426,71268.55563659646
2022-04-22,-0.048817974233062555,67789.3691239015
2022-04-23,-0.014540648163897663,66803.66775821826
2022-04-24,-0.014592914081592245,65828.80757428736
2022-04-25,-0.005273210314638788,65481.67842718625
2022-04-26,-0.10948221604490671,58312.59916263794
2022-04-27,0.0014480932588827322,58397.04124439329
2022-04-28,0.02350888935703077,59769.89082578569
2022-04-29,-0.05681949110687323,56373.79604555118
2022-04-30,-0.08215246695626488,51742.54962871982
2022-05-01,0.0313678811661946,53365.60377670943
2022-05-02,-0.057130034302916854,50316.82500235015
2022-05-03,0.008628515467301812,50750.98450514845
2022-05-04,0.05919045458291916,53754.95834853887
2022-05-05,-0.13594125309170124,46447.44195074629
2022-05-06,0.02412091633035751,47567.79681179937
2022-05-07,-0.05805257113363538,44806.36390371208
2022-05-08,-0.012318169761750597,44254.431506739376
2022-05-09,-0.14501333618786383,37836.948752849785
2022-05-10,-0.011269390508168442,37410.549401716366
2022-05-11,-0.20593524541840524,29706.39872943653
2022-05-12,-0.10941571027971442,26456.052012602824
2022-05-13,0.0067821377641954506,26635.480602049018
2022-05-14,0.02217009145222848,27225.9916428705
2022-05-15,0.052015098904591106,28642.154290949984
2022-05-16,-0.11789364135269931,25265.42642540405
2022-05-17,0.012158990257732816,25572.628499168
2022-05-18,-0.048602983594958515,24329.722455742973
2022-05-19,0.002114377884102181,24381.16468282974
2022-05-20,-0.042081505115643014,23355.168576503907
2022-05-21,0.024520587632933744,23927.85103426601
2022-05-22,0.05501110891761174,25244.148653676406
2022-05-23,0.03657015026754351,26167.330963317556
2022-05-24,-0.017067414137039716,25720.722288905632
2022-05-25,-0.024713844903619386,25085.06434744855
2022-05-26,-0.09458903814008957,22712.29223914114
2022-05-27,-0.034182689130937916,21935.925014079563
2022-05-28,0.006479228982280816,22078.052895183926
2022-05-29,0.18346262014594528,26128.55032705514
2022-05-30,0.06857083630404426,27920.206874393618
2022-05-31,-0.08482423436761877,25551.896702887654
2022-06-01,-0.10818048549123915,22787.680112347276
2022-06-02,-0.006108254338736296,22648.487166431296
2022-06-03,0.10994380661140624,25138.548059498335
2022-06-04,-0.04684278645050444,23960.98842107151
2022-06-05,-0.030225383454062227,23236.758358106275
2022-06-06,-0.015642205730005188,22873.28420337036
2022-06-07,0.23963733574752388,28354.577089661958
2022-06-08,-0.05875814326838913,26688.514786713018
2022-06-09,-0.05310787646858317,25271.144440290307
2022-06-10,0.04885066981499353,26505.656773189938
2022-06-11,-0.005244295021790357,26366.653289325015
2022-06-12,0.11795708811421513,29476.786934650885
2022-06-13,-0.13688176180207778,25441.952406771405
2022-06-14,-0.04553858673109468,24283.361850487265
2022-06-15,0.0932372996470252,26547.476935778286
2022-06-16,-0.06710037153601944,24766.131370043655
2022-06-17,0.007878911321768545,24961.2615228915
2022-06-18,-0.05251577222733117,23650.401598248485
2022-06-19,0.07950573727572441,25530.7442141842
2022-06-20,0.20428486416122582,30746.28882791382
2022-06-21,0.010815257769961395,31078.817867057394
2022-06-22,-0.0656454115579661,29038.63607743934
2022-06-23,-0.0031029263285954345,28948.53132900815
2022-06-24,0.03609332115935193,29993.3799673576
2022-06-25,-0.012693718034444967,29612.652459151996
2022-06-26,-0.05995590918351523,27837.19895762808
2022-06-27,-0.022951330655681,27198.298199823577
2022-06-28,-0.018413056697273666,26697.49439300087
2022-06-29,-0.0037583917302601577,26597.15475085555
2022-06-30,-0.037340988776704886,25603.99069381157
2022-07-01,-0.04287905108326151,24506.11586891627
2022-07-02,-0.02270948254126548,23949.59465843689
2022-07-03,0.0051656457079183316,24073.309779290626
2022-07-04,0.021557102341392076,24592.26058189883
2022-07-05,0.024620872994668197,25197.743506337545
2022-07-06,-0.017713916091874005,24751.392792161718
2022-07-07,0.053309161257075965,26070.868781856294
2022-07-08,-0.03780355831294424,25085.297173592273
2022-07-09,-0.0012122207519700279,25054.88825578911
2022-07-10,-0.053986548269675194,23702.261321576632
2022-07-11,-0.0865570251540001,21650.66409215824
2022-07-12,-0.022378796753424135,21166.148280863174
2022-07-13,0.08527670114701813,22971.127582243815
2022-07-14,-0.015092169379474885,22624.443433935063
2022-07-15,-0.03566183803016232,21817.6141966715
2022-07-16,0.03513566249267375,22584.190525481117
2022-07-17,0.0020022152819643146,22629.40893688203
2022-07-18,-0.00921197563144438,22420.947373201485
2022-07-19,-0.03061429582163444,21734.545857716996
2022-07-20,-0.07934365497394114,20010.047550166997
2022-07-21,0.07573248540728272,21525.458184259052
2022-07-22,0.006268814486273255,21660.397288348206
2022-07-23,-0.002121350287133783,21614.447998341133
2022-07-24,-0.020618614004572988,21168.78803814142
2022-07-25,-0.024579906850558997,20648.461200024678
2022-07-26,0.01385424629849985,20934.530067174837
2022-07-27,0.1332495030129599,23724.04579443575
2022-07-28,0.10309181465272577,26169.8007262885
2022-07-29,0.010508259237096196,26444.79977650349
2022-07-30,0.0081330898824028,26659.877710007935
2022-07-31,-0.07315679288292243,24709.526558092846
2022-08-01,0.031675843848006036,25492.221662905155
2022-08-02,-0.01980075057519115,24987.456540150484
2022-08-03,-0.016224126267115002,24582.056890149037
2022-08-04,-0.04916718536586351,23373.426342356874
2022-08-05,0.015079438500945841,23725.884487442832
2022-08-06,-0.023693999802662513,23163.723385079367
2022-08-07,-0.03651419621270002,22317.91864437987
2022-08-08,0.02985321017132314,22984.180160257038
2022-08-09,-0.019973896327015628,22525.096528574613
2022-08-10,-0.00880796042528309,22326.696369775244
2022-08-11,-0.04862604687854699,21241.03738545547
2022-08-12,0.019957427199133404,21664.95384270977
2022-08-13,-0.009843556961081745,21451.693635499847
2022-08-14,-0.014139580366478333,21148.37568934363
2022-08-15,0.01314525706691172,21426.376524327676
2022-08-16,0.00639567069140945,21563.412572687423
2022-08-17,-0.02036081745182028,21124.363865656647
2022-08-18,-0.013794798072849668,20832.957531712513
2022-08-19,-0.03319642784808341,20141.377760148836
2022-08-20,-0.0028685246064673597,20083.601722435695
2022-08-21,0.011432198930649617,20313.201452570516
2022-08-22,0.00037846115644812883,20320.889210283418
2022-08-23,0.006200044414021777,20446.87962591959
2022-08-24,0.011135004838855656,20674.555729493706
2022-08-25,-0.02983037626964158,20057.825952875235
2022-08-26,-0.07993690460401126,18454.465433116387
2022-08-27,0.014383409365288369,18719.903564058463
2022-08-28,-0.04436710832665891,17889.355574767273
2022-08-29,0.03647590937537348,18541.886087496317
2022-08-30,-0.0479253872736376,17653.259015969383
2022-08-31,-0.03741238886586151,16992.80842491416
2022-09-01,-0.025154526089160356,16565.362382061554
2022-09-02,-0.01750039939683745,16275.461924222127
2022-09-03,0.007313429689739692,16394.49137067296
2022-09-04,-0.0062310799947434825,16292.335983469166
2022-09-05,0.03179611353627698,16810.368948170722
2022-09-06,-0.09073148436244483,15285.139220822843
2022-09-07,-0.005188985928241241,15205.824848494785
2022-09-08,-0.012315184193689821,15018.562314668585
2022-09-09,0.011945936483955588,15197.973106159945
2022-09-10,-0.025342958268840254,14812.811507959577
2022-09-11,-0.05444447843628819,14006.33571123367
2022-09-12,-0.0229713113118466,13684.591813272687
2022-09-13,-0.1054752290449461,12241.206357381157
2022-09-14,-0.00871337793084992,12134.544100059771
2022-09-15,-0.03946838901265204,11655.613193027431
2022-09-16,0.016001988534162903,11842.126181700894
2022-09-17,0.002366327058587414,11870.148525315859
2022-09-18,-0.07407929466284391,10990.816295017263
2022-09-19,0.024608694974879164,11261.285940746273
2022-09-20,-0.004990283104535087,11205.08893578083
2022-09-21,-0.03887411861797774,10769.500979366296
2022-09-22,0.060131384093056406,11417.085979247118
2022-09-23,-0.04165992707686972,10941.451009921331
2022-09-24,-0.015669949483896883,10769.99902531533
2022-09-25,-0.02839373483147123,10464.198528855324
2022-09-26,0.03421132019168538,10822.192575275356
2022-09-27,0.06479367128990332,11523.40216363378
2022-09-28,-0.021333785848680953,11277.56436962659
2022-09-29,-0.009065091302758344,11175.332218943191
2022-09-30,-0.029424219701739696,10846.506788493078
2022-10-01,-0.021453310700549233,10613.813308343917
2022-10-02,-0.03500273452680003,10242.30081879494
2022-10-03,0.005441673625209642,10298.036077022038
2022-10-04,0.0017673506378586001,10316.236317651454
2022-10-05,0.013208711535172224,10452.500507299977
2022-10-06,-0.02948648976783741,10144.292958043161
2022-10-07,-0.01846980296745626,9956.929865863949
2022-10-08,-0.02429566285154272,9715.019654806463
2022-10-09,-0.004119051798049389,9675.002985629248
2022-10-10,-0.05431085152621651,9149.545334961034
2022-10-11,-0.03741062558594466,8807.25512015318
2022-10-12,-0.02421545027894456,8593.983471697133
2022-10-13,-0.004046865671382682,8559.20477500509
2022-10-14,0.030088803402607445,8816.741004762876
2022-10-15,0.006962555367587608,8878.12805217022
2022-10-16,-0.014121116632413666,8752.75897046802
2022-10-17,0.012518959593273316,8862.33440634897
2022-10-18,-0.020295451608761006,8682.469327264256
2022-10-19,-0.028057199732809845,8438.863551175207
2022-10-20,-0.024887256273407043,8228.843391320797
2022-10-21,-0.009510003744127138,8150.5870598595
2022-10-22,-0.024436609612468185,7951.414345765278
2022-10-23,0.02182698024323293,8124.969709596055
2022-10-24,-0.019952319284768483,7962.857719771121
2022-10-25,0.0133916760463757,8069.493730757679
2022-10-26,0.00927208974499405,8144.314800825931
2022-10-27,-0.02982428613904009,7901.41642579968
2022-10-28,0.006690814474674234,7954.283337191849
2022-10-29,0.17692225777520854,9361.573104191551
2022-10-30,-0.03195953539542262,9062.381577211305
2022-10-31,-0.05020296237287103,8607.423175881966
2022-11-01,0.0007373930777403448,8613.770230149044
2022-11-02,-0.05633157993280702,8128.54294390657
2022-11-03,0.017207606898062,8268.41571553933
2022-11-04,0.13198035641027128,9359.6841686245
2022-11-05,-0.02062482717393821,9166.642300243975
2022-11-06,-0.06001889620154366,8616.470547508952
2022-11-07,-0.006274498098215897,8562.406519445274
2022-11-08,-0.20334499588086186,6821.284001018411
2022-11-09,-0.13591183241813742,5894.190792995474
2022-11-10,0.08139897753245418,6373.971896926511
2022-11-11,-0.06255481065085255,5975.249291820418
2022-11-12,-0.05655993365655798,5637.28958829366
2022-11-13,-0.046830620397914635,5373.291819511162
2022-11-14,-0.10474052552386537,4810.490410542477
2022-11-15,-0.03480578917085431,4643.057495504719
2022-11-16,-0.05065579784495111,4407.859713629947
2022-11-17,-0.002510087149265927,4396.7956016069975
2022-11-18,-0.014912091280057993,4331.2301842560755
2022-11-19,-0.0081830047595437,4295.787707043629
2022-11-20,-0.017063171635987806,4222.487944086577
2022-11-21,-0.11593905850284847,3732.9366673095506
2022-11-22,-0.050579311148902684,3544.1273021145525
2022-11-23,-0.003023735201237887,3533.410799633481
2022-11-24,-0.02759754197708364,3435.8973467683154
2022-11-25,-0.06268453933455809,3220.5197043853127
2022-11-26,-0.033033632629319576,3114.1342395951638
2022-11-27,-0.015879750236619472,3064.6825656670876
2022-11-28,0.0969794690671133,3361.8938537447207
2022-11-29,-0.02098186478011288,3291.3550515003562
2022-11-30,0.021049052578491434,3360.6349570338707
2022-12-01,-0.055966560960655554,3172.5517758445244
2022-12-02,-0.015902754574256273,3122.0994635791485
2022-12-03,-0.01815753219934113,3065.4098420396645
2022-12-04,-0.018787274493791584,3007.819145901295
2022-12-05,0.04725592149195146,3149.9564113219953
2022-12-06,-0.04768021740520101,2999.7658048132557
2022-12-07,-0.040699938536993385,2877.6755209319817
2022-12-08,0.01866829679088622,2931.396821624608
2022-12-09,-0.02292729291836071,2864.187828035269
2022-12-10,-0.01214912441580418,2829.3904537622366
2022-12-11,-0.038586835026293564,2720.213231097943
2022-12-12,-0.007716533250127888,2699.2226152527383
2022-12-13,-0.005631176640374602,2684.0228159145563
2022-12-14,-0.03680287694722406,2585.243054496911
2022-12-15,-0.030862571570112074,2505.4558057013646
2022-12-16,-0.06785225311539855,2335.4549842034708
2022-12-17,-0.010382246319931343,2311.207715288359
2022-12-18,-0.028770080643230833,2244.7140829362556
2022-12-19,-0.0299453941103327,2177.495235057715
2022-12-20,-0.0009772234377545264,2175.367335678418
2022-12-21,-0.00902682613482586,2155.7306729598695
2022-12-22,-0.035633810798111454,2078.913774027932
2022-12-23,-0.007155913876392028,2064.037246104543
2022-12-24,0.004079362683016896,2072.4572026226588
2022-12-25,-0.005805264499929796,2060.4260403966496
2022-12-26,-0.005639952223226663,2048.8053359693204
2022-12-27,-0.02590346695851664,1995.7341746446064
2022-12-28,-0.036232766108459824,1923.4232050800483
2022-12-29,-0.020795799074788457,1883.4240825714178
2022-12-30,0.003406834230941014,1889.840596207301
2022-12-31,-0.01576285547939149,1860.051312010198
2023-01-01,-0.008775231073334888,1843.7289319390486
2023-01-02,-0.006878280831544847,1831.0472465679277
2023-01-03,0.07463603713068623,1967.7093568508121
2023-01-04,0.028621221358363425,2024.0276019221621
2023-01-05,-0.037839169348621526,1947.440078726745
2023-01-06,0.018470307690935384,1983.4098961904874
2023-01-07,-0.0012394157059957278,1980.9516268137215
2023-01-08,0.028389157103649865,2037.1891737620667
2023-01-09,0.03439315265003162,2107.2545319922574
2023-01-10,-0.042002568477615965,2018.7444292124862
2023-01-11,0.054953483196549247,2129.6814672813416
2023-01-12,-0.016651046123350666,2094.2200429415952
2023-01-13,0.009661425770767673,2114.453194434129
2023-01-14,0.043220292649166936,2205.840480290538
2023-01-15,-0.0363625596896745,2125.630474160073
2023-01-16,-0.028295625397456114,2065.4844305298225
2023-01-17,-0.018943146023657986,2026.3576573527039
2023-01-18,-0.08992988793838863,1844.1275403038794
2023-01-19,-0.01506148976719246,1816.3522322261947
2023-01-20,0.07208844493442546,1947.2902401005535
2023-01-21,-0.08270135002601053,1786.2467083517636
2023-01-22,-0.010221150436196536,1767.9892120295392
2023-01-23,-0.007075781104725176,1755.4793073697026
2023-01-24,-0.062135887232195874,1646.4010430885255
2023-01-25,-0.040977355375992564,1578.9358824544822
2023-01-26,-0.0153551809049286,1554.6910363421105
2023-01-27,0.00776610211033768,1566.76492568037
2023-01-28,-0.053057451652659515,1483.636371385001
2023-01-29,0.023006953577156652,1517.770324506837
2023-01-30,-0.07111399711832767,1409.8356100235744
2023-01-31,0.006171032514428854,1418.5357514130296
2023-02-01,0.00044499923653140705,1419.166998739401
2023-02-02,-0.02579900772542887,1382.5538983752494
2023-02-03,-0.0006901562136459871,1381.5997202115852
2023-02-04,0.00236075188934759,1384.861334361397
2023-02-05,-0.0382192295128595,1331.9330011799539
2023-02-06,-0.03689191983052731,1282.7954356807893
2023-02-07,0.19996865641257489,1539.3143154060604
2023-02-08,-0.02869359514333758,1495.145853641455
2023-02-09,-0.08121970232840436,1373.710552471148
2023-02-10,0.1212928248056806,1540.3317858457458
2023-02-11,0.047885176342038926,1614.090845036217
2023-02-12,-0.0129499147137071,1593.1885062528224
2023-02-13,-0.050129754573592034,1513.3223574449007
2023-02-14,0.009758984070737275,1528.0908462250961
2023-02-15,0.006666126216614332,1538.2772926764856
2023-02-16,-0.07156381254347022,1428.1923048635085
2023-02-17,0.043522701835930544,1490.3510927124535
2023-02-18,-0.010584693932968792,1474.5761825434265
2023-02-19,-0.030432611886268224,1429.7009778833476
2023-02-20,0.11168456941896054,1589.376515996116
2023-02-21,-0.07502642013592731,1470.131285752815
2023-02-22,-0.03062311536247586,1425.1112857912217
2023-02-23,-0.05392951901919585,1348.2557195996733
2023-02-24,-0.0495992077527978,1281.383304059351
2023-02-25,-0.022307603771122952,1252.798713033463
2023-02-26,0.024349182846985062,1283.3033379675824
2023-02-27,-0.034457212095085454,1239.084282668902
2023-02-28,-0.050934044628497155,1175.9727085169748
2023-03-01,-0.023069760405434292,1148.8432998881588
2023-03-02,-0.04382373899369163,1098.4966909692084
2023-03-03,-0.0956257535149998,993.452117161544
2023-03-04,-0.018206388102969484,975.3649423547843
2023-03-05,0.0037405850751355274,979.0133779009669
2023-03-06,-0.005737588552906181,973.3962019507804
2023-03-07,-0.005019216747777833,968.5105154317257
2023-03-08,-0.027465730291306722,941.9096668305834
2023-03-09,-0.032735849102072834,911.0754541094337
2023-03-10,-0.023712405470059816,889.471663527772
2023-03-11,-0.030466612863453313,862.3724747020595
2023-03-12,0.07915898660639842,930.6370058767267
2023-03-13,-0.0003128263256150232,930.3458781216968
2023-03-14,-0.008028460702181772,922.8766327997599
2023-03-15,-0.047724179985152326,878.8331022719328
2023-03-16,0.005861717894966922,883.9845739942095
2023-03-17,0.045010524224313064,923.773183075895
2023-03-18,-0.06751530250071491,861.4043571784777
2023-03-19,-0.016099130992332955,847.536495594895
2023-03-20,-0.035676248487186535,817.2995729760922
2023-03-21,0.07252968260398118,876.5780515964175
2023-03-22,-0.018934878552328338,859.9801526478027
2023-03-23,0.038379204191888006,892.9855065272437
2023-03-24,-0.03343203758711644,863.1311815082747
2023-03-25,-0.04868248994328528,821.1118064447622
2023-03-26,0.00785323793476489,827.5601928318175
2023-03-27,-0.02475903315780792,807.0706025774127
2023-03-28,0.022674771629787482,825.3707441799704
2023-03-29,0.16485093999310196,961.4338872008447
2023-03-30,-0.02584025462260786,936.5901907527712
2023-03-31,0.14886447841927408,1076.015200991791
2023-04-01,0.02825425328770037,1106.4172070220288
2023-04-02,-0.016341121480716203,1088.337109033727
2023-04-03,0.05259415277025781,1145.5772772117878
2023-04-04,0.015008515876976158,1162.770691965124
2023-04-05,-0.038589001224295094,1117.9005323093074
2023-04-06,0.06802623043992906,1193.9470915290997
2023-04-07,-0.029275478116494336,1158.9937195787875
2023-04-08,-0.019530766891819096,1136.3576834126118
2023-04-09,-0.012042136160605899,1122.6735094618066
2023-04-10,0.01891542471054941,1143.9093557045596
2023-04-11,-0.019421778474305484,1121.6926016033801
2023-04-12,-0.013548630565308972,1106.4952029364156
2023-04-13,-0.009329846092158589,1096.171772991307
2023-04-14,0.05988896294331969,1161.8203636834962
2023-04-15,-0.028379211566101792,1128.8488177807171
2023-04-16,0.0018217946769243376,1130.9053485480024
2023-04-17,-0.04363535115564987,1081.5578965403076
2023-04-18,0.00709922526795248,1089.23611968818
2023-04-19,-0.05548178138315363,1028.803359421006
2023-04-20,-0.02658895255102145,1001.4485557130295
2023-04-21,-0.02038609001532865,981.0329353105427
2023-04-22,0.011332248415927282,992.1502442376881
2023-04-23,-0.021110531467229854,971.2054252864885
2023-04-24,-0.03919504863158396,933.1389814111265
2023-04-25,-0.020120057918508016,914.3641710591171
2023-04-26,-0.023866444670646914,892.5415491617127
2023-04-27,0.017046027524421303,907.7558369754129
2023-04-28,-0.027356380232909316,882.9229231404707
2023-04-29,0.056985745476719085,933.2369441141144
2023-04-30,-0.03758060760965942,898.1653327105242
2023-05-01,-0.033828644301718946,867.7816171461249
2023-05-02,-0.011491036006675559,857.8099073375676
2023-05-03,-0.018717537365679493,841.7538183443265
2023-05-04,-0.03799491100722141,809.771456926345
2023-05-05,-0.0005100913172988442,809.3583995371704
2023-05-06,-0.04910277220847781,769.6166584096785
2023-05-07,-0.02158117850009178,753.0074239278952
2023-05-08,-0.06301082074080999,705.5598081222754
2023-05-09,-0.01509176576161042,694.9116647672872
2023-05-10,0.01761342667880461,707.1514404229118
2023-05-11,-0.03715299023130547,680.8786498648258
2023-05-12,0.032227205390853,702.8214659602662
2023-05-13,-0.030974406211346284,681.0519883795591
2023-05-14,0.011726935028901542,689.0386407985904
2023-05-15,0.011280926017560589,696.8116347286799
2023-05-16,-0.004571873502999924,693.6259000792818
2023-05-17,-0.02040764687948904,679.470627643996
2023-05-18,-0.04530131153040762,648.6897170653336
2023-05-19,-0.03523829096519082,625.8310000692582
2023-05-20,-0.01915935204116659,613.840483620656
2023-05-21,-0.01789519166123188,602.855690516841
2023-05-22,0.022009195119569114,616.1240590383687
2023-05-23,0.00705784742056248,620.4725686391992
2023-05-24,-0.045917321521993903,591.9821302094157
2023-05-25,-0.09477149857004619,535.879096602781
2023-05-26,0.001982020368803683,536.941219887464
2023-05-27,0.028234506649503555,552.1014903307691
2023-05-28,0.0038560038138168995,554.2303957830985
2023-05-29,-0.011307637463015996,547.9633593965993
2023-05-30,-0.002149799027091226,546.7853482996869
2023-05-31,-0.04757193341604715,520.773712117504
2023-06-01,-0.018780345237670026,510.9934020132344
2023-06-02,-0.004454185335808325,508.7173426952923
2023-06-03,-0.021658765522392875,497.6991530526801
2023-06-04,-0.0223776671526984,486.5618070634873
2023-06-05,-0.06893122228732251,453.02250698427275
2023-06-06,0.0038096494172394912,454.74836391400174
2023-06-07,-0.01153136181861536,449.504495993286
2023-06-08,-0.011698801442768358,444.2458321470289
2023-06-09,-0.032889375126119225,429.6348643253303
2023-06-10,-0.023162398458693167,419.68349040608047
2023-06-11,-0.022788860571762437,410.1193818589457
2023-06-12,-0.02589368578693141,399.4998794499596
2023-06-13,-0.026344150130044985,388.975394648795
2023-06-14,-0.04227418308718289,372.5317775990026
2023-06-15,0.0005528793476758942,372.7377427251901
2023-06-16,-0.01160115783015514,368.4135533425794
2023-06-17,-0.004888406807712853,366.61259802036585
2023-06-18,-0.026961958868246594,356.72800423195974
2023-06-19,-0.007113155772359825,354.1905423694947
2023-06-20,0.06088179835018881,375.75429954757834
2023-06-21,0.050446925529872955,394.7099487143846
2023-06-22,-0.01564280712396604,388.53557711673494
2023-06-23,-0.008642614717908281,385.1776138195149
2023-06-24,-0.009192268990543484,381.6369575841502
2023-06-25,-0.023716969924654552,372.58568533899023
2023-06-26,-0.015887889783636866,366.66608503536355
2023-06-27,0.004034256466888264,368.14531006010606
2023-06-28,-0.03069229601696588,356.8460852264836
2023-06-29,0.01890998535591293,363.59403947243123
2023-06-30,0.026115127809046124,373.0893442838611
2023-07-01,0.01754737441522658,379.63608269834145
2023-07-02,0.008281790141345668,382.7801490653316
2023-07-03,-0.023902025371359326,373.63092823071935
2023-07-04,0.12088411967252122,418.7969740723168
2023-07-05,-0.08212175312388026,384.4046323585219
2023-07-06,-0.05210600410056643,364.374843008572
2023-07-07,-0.018838648142253223,357.51051354924476
2023-07-08,0.013243732683201337,362.24528722212494
2023-07-09,-0.021206229461396164,354.56343053998324
2023-07-10,-0.040244097498712716,340.2943452718541
2023-07-11,0.01284939084053116,344.66692031507483
2023-07-12,-0.03251728957731348,333.4592862594687
2023-07-13,0.2625193902309737,420.9988147551601
2023-07-14,-0.0380069890383371,404.9979174176078
2023-07-15,0.0033039273667654356,406.33600112044684
2023-07-16,-0.011114264166446008,401.81987546365684
2023-07-17,0.01760048595675401,408.89210053889957
2023-07-18,-0.0398156245715815,392.6118061735574
2023-07-19,0.028483904564236884,403.7949233913977
2023-07-20,0.007394401404815509,406.7807451401804
2023-07-21,-0.031452745123735304,393.98637404204317
2023-07-22,-0.013836352867556245,388.53503954578844
2023-07-23,0.0056680008740830345,390.73725648954587
2023-07-24,-0.040902443986254755,374.75514774263934
2023-07-25,-0.027792133598377844,364.3399026098961
2023-07-26,-0.0005494692313707805,364.13970904365135
2023-07-27,0.0071470579766632625,366.7422366557916
2023-07-28,0.012920439838288722,371.48070766066223
2023-07-29,-0.025635907572942096,361.95746257394234
2023-07-30,-0.04104452938632219,347.10108886472756
2023-07-31,-0.06817796617146954,323.43644257002796
2023-08-01,0.010848625509632726,326.94528341163806
2023-08-02,-0.019004069162093074,320.73199263346316
2023-08-03,-0.031890542615133244,310.5036753543491
2023-08-04,-0.014842383428929518,305.895060748648
2023-08-05,-0.03199513056942882,296.1079083394517
2023-08-06,-0.00020066893217685067,296.0484886816761
2023-08-07,-0.039842185545722164,284.2532698650901
2023-08-08,-0.007146798702432955,282.2217689648559
2023-08-09,-0.014282607247080303,278.19090628215463
2023-08-10,-0.00981219224213492,275.46124362970033
2023-08-11,-0.006518568807681979,273.66563055925053
2023-08-12,0.03220466896642127,282.4789415988981
2023-08-13,0.04561446544206005,295.3640675185708
2023-08-14,-0.006055085972441421,293.57561269657583
2023-08-15,-0.034370635343640266,283.485232366796
2023-08-16,-0.0419907553737916,271.58147332239946
2023-08-17,-0.028166863955724875,263.9318749104321
2023-08-18,-0.0010593093886733795,263.6522893973693
2023-08-19,-0.0009112264086942323,263.41204246855773
2023-08-20,0.002435555035006143,264.05359699487326
2023-08-21,-0.04278859993932682,252.75511327051944
2023-08-22,-0.0011938970774828528,252.45334967946695
2023-08-23,-0.001543926043670707,252.0635803780849
2023-08-24,-0.028349787025683137,244.91763155743502
2023-08-25,-0.03649720460030803,235.97882264826046
2023-08-26,0.01328297755868535,239.11332405382228
2023-08-27,0.13564957363422003,271.5489445119844
2023-08-28,-0.02626966751404236,264.41544402586544
2023-08-29,0.02248922017912891,270.3619411653253
2023-08-30,-0.03361162958804964,261.27463574417027
2023-08-31,-0.038684448553691686,251.16737053934037
2023-09-01,-0.027026640702860982,244.37916025949124
2023-09-02,0.019550224433016128,249.15682768931634
2023-09-03,-0.0064314945336581,247.55437691400888
2023-09-04,0.01887003934224607,252.22573774572146
2023-09-05,-0.0024045378178113586,251.61925142068654
2023-09-06,-0.021101456304371657,246.30971878149424
2023-09-07,0.21203557172934007,298.53614082582135
2023-09-08,-0.06636692477260009,278.7232152257317
2023-09-09,0.021227871890307393,284.6399159313981
2023-09-10,0.024454662115644288,291.6006889001258
2023-09-11,-0.07544336953306963,269.60135037133597
2023-09-12,-0.012766334147234604,266.15952944594983
2023-09-13,0.021123104731900932,271.7816450618301
2023-09-14,-0.026746799169506508,264.51235598340327
2023-09-15,0.08158309975767075,286.0920939087338
2023-09-16,0.051618851638963736,300.8598392592892
2023-09-17,-0.10371462870536319,269.65627273815676
2023-09-18,0.009419151123351677,272.1962059224372
2023-09-19,0.0410412197773653,283.36747023226496
2023-09-20,0.014825457082375149,287.5685225007346
2023-09-21,-0.06410773541774817,269.1331557457848
2023-09-22,0.03342593911584979,278.1291842237999
2023-09-23,-0.003917793770354394,277.0395314384942
2023-09-24,-0.034011176233180174,267.6170911111819
2023-09-25,0.025415574295456045,274.4187331730519
2023-09-26,0.17488320524002332,322.4099608082619
2023-09-27,0.058799901180935255,341.367634643537
2023-09-28,-0.00963602169549227,338.07820870997296
2023-09-29,-0.012348166486231604,333.90356270345524
2023-09-30,-0.010955570376883217,330.24545872316554
2023-10-01,0.017011815249977413,335.8635334541081
2023-10-02,-0.03217059839004899,325.0586026054932
2023-10-03,-0.015459561673349276,320.03333909106084
2023-10-04,-0.037003651532998005,308.19093693239347
2023-10-05,-0.0049436324295906164,306.6673542220686
2023-10-06,0.07071514851802374,328.35338172151154
2023-10-07,0.0010119002939854571,328.68564260500665
2023-10-08,0.0006411465896323243,328.89637828382394
2023-10-09,0.0038395830395150377,330.1592032396404
2023-10-10,-0.025030681868010385,321.8950932575532
2023-10-11,-0.010428924260889372,318.5380737100183
2023-10-12,-0.011170541533542244,314.979830927626
2023-10-13,0.004723027271897662,316.46748925919485
2023-10-14,0.019172911822390226,322.5350925254146
2023-10-15,-0.014396889896261977,317.8915903106456
2023-10-16,-0.02290808422292223,310.60930298605064
2023-10-17,0.015297615324929348,315.36088461947566
2023-10-18,-0.02258180249778141,308.239467407473
2023-10-19,0.004023847887551613,309.4797761372606
2023-10-20,0.03264863324586398,319.5838678453781
2023-10-21,0.03635172711595036,331.2012933999533
2023-10-22,0.03746091577243349,343.6083971557299
2023-10-23,0.09339354709912939,375.69920417914994
2023-10-24,-0.06334322001939063,351.9012068277201
2023-10-25,-0.008320909927046927,348.97306858248754
2023-10-26,-0.07116518451814902,324.13833576495017
2023-10-27,-0.005795245925529713,322.25987439530036
2023-10-28,0.00779946126141251,324.77332780175414
2023-10-29,0.015532278328062032,329.81779752270194
2023-10-30,0.05014910952815277,346.35786637500206
2023-10-31,0.039550265753358405,360.0564120358996
2023-11-01,0.14274433502143968,411.45242514216955
2023-11-02,-0.047912204554539706,391.73883238429653
2023-11-03,-0.002990945978769921,390.5671626988487
2023-11-04,-0.010937763407471102,386.2952314785214
2023-11-05,-0.033127515958079945,373.49823003318653
2023-11-06,0.010690950618885031,377.49128116671227
2023-11-07,-0.04724773029474749,359.6556749255288
2023-11-08,0.1550726336198498,415.4284276325551
2023-11-09,0.004841638504993417,417.43978190384973
2023-11-10,0.01844810116685025,425.14075323147983
2023-11-11,0.11385928869144224,473.5469769881601
2023-11-12,-0.0046157107338802295,471.3612211234793
2023-11-13,-0.06933909390000048,438.6774611511795
2023-11-14,-0.07162988341925147,407.2550457502673
2023-11-15,0.02478853540729542,417.35030187164756
2023-11-16,-0.001225866302787093,416.8386862001251
2023-11-17,-0.04286644784578297,398.97029239802276
2023-11-18,-0.014943264166726644,393.0083739240429
2023-11-19,0.0694157381353091,420.2893402933379
2023-11-20,0.034036613266240634,434.5945660288256
2023-11-21,-0.10698441759377852,388.0997194928108
2023-11-22,0.1069980803253503,429.62564445334846
2023-11-23,-0.025708919688630538,418.5804332639212
2023-11-24,0.013576205585275503,424.26316727988586
2023-11-25,-0.01573118638288884,417.58900432001127
2023-11-26,-0.0237611131674601,407.6666247308765
2023-11-27,-0.06765062333909144,380.08772345328924
2023-11-28,-0.00044510692716759337,379.9185437746488
2023-11-29,-0.00493612533714527,378.0432182246715
2023-11-30,-0.032195184290458645,365.8720471441701
2023-12-01,-0.0302051272208832,354.82083541361544
2023-12-02,0.03308257995338759,366.55922407031414
2023-12-03,-0.026158616677302682,356.97054183832927
2023-12-04,0.0027298131240454104,357.94500470833714
2023-12-05,-0.03267432644115875,346.24939277651487
2023-12-06,-0.013801397692841721,341.47066720590124
2023-12-07,-0.019382951643424184,334.85195777580145
2023-12-08,0.08257437016428715,362.5021472874167
2023-12-09,-0.003984582114087587,361.0577277150169
2023-12-10,-0.003457884337495498,359.8092318534194
2023-12-11,-0.040217826975371795,345.33848642259716
2023-12-12,0.05511074402854588,364.3703473510384
2023-12-13,0.028679277245378998,374.82022556271386
2023-12-14,-0.006650594938549137,372.3274480677206
2023-12-15,-0.027491947848757525,362.09144128278183
2023-12-16,-0.03924571421001721,347.88090406030454
2023-12-17,-0.03103241268711887,337.08532027953714
2023-12-18,-0.00040546223640047785,336.9486449117188
2023-12-19,0.007183558604017204,339.3691352489863
2023-12-20,0.00504425176862866,341.080998609684
2023-12-21,0.051917643816034476,358.7891204079189
2023-12-22,0.014437758184903338,363.9692309677426
2023-12-23,-0.037859486953472854,350.1895426164538
2023-12-24,0.025057246320597137,358.96432824469156
2023-12-25,-0.011131813529953294,354.9684042787667
2023-12-26,0.028232357334955216,364.9899991109837
2023-12-27,0.0056374953074385115,367.0476285182338
2023-12-28,-0.027875646561452472,356.81593855444027
2023-12-29,-0.038399253952153045,343.11447271571245
2023-12-30,-0.015266809935717718,337.87620927456766
2023-12-31,-0.026963848019565417,328.76576651826133
2024-01-01,-0.010116137334780562,325.4399268731882
2024-01-02,0.0055422802382232295,327.24360614862627
2024-01-03,-0.04710654259277891,311.8282912773714
2024-01-04,0.009239680592999289,314.7094850886351
2024-01-05,-0.08351778950247246,288.425644558571
2024-01-06,-0.06035632555934933,271.0173324559287
2024-01-07,-0.053571464287725745,256.4985371089112
2024-01-08,0.02442314602102491,262.7630383349014
2024-01-09,-0.054033221742641135,248.56510481878155
2024-01-10,0.10533742585233719,274.74831311710835
2024-01-11,-0.01687475297246399,270.11200320365595
2024-01-12,-0.00772128792757687,268.02639065422596
2024-01-13,0.0002962424855657009,268.10579145839057
2024-01-14,-0.04991202123561411,254.72408950172826
2024-01-15,-0.039425015500915817,244.68158832466597
2024-01-16,-0.015142178347798962,240.97657607583113
2024-01-17,-0.0547464887494844,227.78395466480637
2024-01-18,-0.052993803127158956,215.71281661577393
2024-01-19,0.17009406901180824,252.4042873319489
2024-01-20,-0.041757078497556055,241.864621692709
2024-01-21,0.02011191042953686,246.72898130026655
2024-01-22,-0.039696769733377324,236.93463774303913
2024-01-23,-0.05111394247399614,224.8239742993443
2024-01-24,0.04200862718267784,234.26852081741342
2024-01-25,-0.03418574928619922,226.25987589910056
2024-01-26,0.016905162615714397,230.0848358945862
2024-01-27,0.03787795274348427,238.7999784355937
2024-01-28,-0.014065335384216504,235.4411766491534
2024-01-29,0.04933483336895872,247.05662786733095
2024-01-30,-0.023868366793691198,241.15978965458103
2024-01-31,-0.06691838727260369,225.02176545589612
2024-02-01,-0.004821738524456665,223.93676934055617
2024-02-02,0.004445537782323816,224.93228870951117
2024-02-03,-0.0423134110255573,215.41463632442628
2024-02-04,-0.02320426871367187,210.41609721829641
2024-02-05,-0.0033222813997195733,209.71703573230647
2024-02-06,0.013929719243606975,212.63833516065898
2024-02-07,0.0521182613798179,223.72067549193153
2024-02-08,-0.020724885488041078,219.08409011105405
2024-02-09,0.02016204142672806,223.50127261181012
2024-02-10,-0.022789985337361984,218.40768188610525
2024-02-11,-0.006009208212852335,217.09522465036522
2024-02-12,-0.025855256875213284,211.4821718506479
2024-02-13,-0.04437150318718974,202.09838998834306
2024-02-14,0.019610755519338996,206.06169210525647
2024-02-15,0.04705434137268116,215.7577893094095
2024-02-16,-0.03152458454769369,208.95611463850153
2024-02-17,0.12896490020715667,235.9041191105311
2024-02-18,0.007777910743821614,237.73896029307267
2024-02-19,0.03363612215181222,245.73557700173532
2024-02-20,-0.04743115589217328,234.08005454071287
2024-02-21,-0.07393650385693606,216.77299368533164
2024-02-22,-0.04456152343356934,207.11325884745776
2024-02-23,-0.05465392801162716,195.79370570815527
2024-02-24,0.019249865715631254,199.5627082510031
2024-02-25,-0.043342343464946254,190.91319280719324
2024-02-26,-0.029824066007288486,185.21938514324933
2024-02-27,0.058759798008725106,196.10283880156692
2024-02-28,-0.08486922429862587,179.45974298971944
2024-02-29,-0.021943952744835182,175.5216868699528
2024-03-01,-0.03322494955629962,169.68998767766197
2024-03-02,-0.03460571109074295,163.81774498909706
2024-03-03,0.005932289074646047,164.78955920792905
2024-03-04,-0.03797270066553038,158.53205460332165
2024-03-05,-0.09407737184780551,143.61777555260838
2024-03-06,0.07782000840137981,154.79411205269983
2024-03-07,0.025871113067544194,158.79880802780534
2024-03-08,-0.019691787272829275,155.67177568094294
2024-03-09,0.04167243974131485,162.15899837243052
2024-03-10,-0.03869033288735535,155.88501274472108
2024-03-11,0.00989387630708971,157.42731977894647
2024-03-12,0.06406403587319143,167.51274924068525
2024-03-13,0.0088309483571396,168.99204567839223
2024-03-14,0.0817518640856627,182.80746042825024
2024-03-15,-0.08798637347832894,166.72289494038537
2024-03-16,-0.10810778814145294,148.69885153584048
2024-03-17,0.07602469274835144,160.00363603588545
2024-03-18,-0.05543091266938893,151.1344884599956
2024-03-19,-0.10997221915637889,134.51389337298576
2024-03-20,0.042678527968371904,140.25474833343932
2024-03-21,0.17861931455312718,165.30695534357963
2024-03-22,-0.052992717787442745,156.5468905107559
2024-03-23,-0.016866448508528475,153.90650044278598
2024-03-24,-0.004824394637832241,153.1639947473223
2024-03-25,0.12165345600622812,171.79692404405384
2024-03-26,-0.019665857076066495,168.41839028969562
2024-03-27,-0.10145259311935229,151.33190786581886
2024-03-28,-0.013817802742102536,149.24083341434294
2024-03-29,-0.01439949132567886,147.09184132815602
2024-03-30,-0.041921542991035676,140.92552437828715
2024-03-31,0.012909585080405517,142.74481442524942
2024-04-01,-0.05054650678800421,135.52956269395116
2024-04-02,-0.016977874566510787,133.22855877847917
2024-04-03,0.14750941378804083,152.8810253837182
2024-04-04,0.016103195955349703,155.342898493327
2024-04-05,-0.039396851360125607,149.2228774115343
2024-04-06,0.08553411376777276,161.98652398480692
2024-04-07,-0.0015986717313565268,161.7275607080517
2024-04-08,0.10695214233884953,179.02466980101417
2024-04-09,-0.07431287353675098,165.7208321541328
2024-04-10,-0.01852869655589595,162.6502411421583
2024-04-11,-0.02410097757739893,158.73021132743258
2024-04-12,-0.20060259839524386,126.88851849132344
2024-04-13,-0.08140888617039288,116.55866553313349
2024-04-14,-0.001078504948458292,116.4329564355703
2024-04-15,-0.06020501414024226,109.42310864697659
2024-04-16,-0.037665068946008406,105.30167971550165
2024-04-17,-0.042976691658798916,100.77616189521493
2024-04-18,0.04695208686028729,105.50781300196543
2024-04-19,0.04341340916483816,110.088266857907
2024-04-20,0.044555308108778835,114.99328350692251
2024-04-21,-0.05212875377862869,108.9988269447941
2024-04-22,0.0437416956462966,113.76662045881663
2024-04-23,-0.0486898949060649,108.22733566485869
2024-04-24,0.005257034206585853,108.79629047053649
2024-04-25,-0.029922607944363522,105.54082172498553
2024-04-26,-0.026871962915805625,102.70473267748807
2024-04-27,-0.0007992950194560811,102.62264129618438
2024-04-28,-0.04414476064904116,98.09238935899192
2024-04-29,-0.048813514842994565,93.30415505503198
2024-04-30,-0.028256177175345787,90.66773631860106
2024-05-01,-0.04422171522332552,86.65825350317631
2024-05-02,-1.0852918411297097e-05,86.65731300822138
2024-05-03,0.029203487088221403,89.18800872975692
2024-05-04,0.0015041220025158175,89.32215837604792
2024-05-05,0.02478717620592663,91.5362024548087
2024-05-06,-0.022441629260612994,89.48198093539348
2024-05-07,-0.01948566302693222,87.73836520790402
2024-05-08,-0.007971633456095861,87.03894712042954
2024-05-09,-0.004283776424754526,86.66609173071959
2024-05-10,-0.02354413182480808,84.62561384227061
2024-05-11,-0.018304500873415508,83.07658421978145
2024-05-12,-0.011055204051553247,82.15815562932572
2024-05-13,-0.051620208089951825,77.91713453945327
2024-05-14,-0.04119417181971308,74.70740271153534
2024-05-15,0.05442983723479622,78.77371448135857
2024-05-16,0.020180789733083904,80.36343024980086
2024-05-17,0.04678611183134951,84.12332268461888
2024-05-18,0.02034185411598255,85.83454704242114
2024-05-19,-0.06434510090603851,80.31151445175243
2024-05-20,0.029012234205927356,82.6415309184594
2024-05-21,0.005409251887950717,83.0885597756032
2024-05-22,-0.04004759417619885,79.761062853025
2024-05-23,-0.0235383064521566,77.88362251264077
2024-05-24,0.02137676346775974,79.54852228910578
2024-05-25,0.01755191376073828,80.94475109211832
2024-05-26,-0.010354535766589179,80.10660577181733
2024-05-27,0.01700432238093863,81.46876432120408
2024-05-28,-0.032657714700908835,78.8081806589666
2024-05-29,-0.020253928486716588,77.21200540373165
2024-05-30,0.0002350348613551212,77.23015291671668
2024-05-31,-0.01497938479830574,76.07329273814518
2024-06-01,0.015086884115284693,77.22100168995371
2024-06-02,0.009639567909160984,77.96537877975744
2024-06-03,-0.0031462978129426222,77.72007647901745
2024-06-04,0.050501346557793036,81.64504499578248
2024-06-05,0.009066432776110078,82.38527430773924
2024-06-06,-0.021389139550244796,80.6231241786858
2024-06-07,-0.03537233119110361,77.77129632857586
2024-06-08,-0.004321113016966138,77.4352377676641
2024-06-09,0.0008437728500922947,77.5005755189329
2024-06-10,-0.043402649860038056,74.13684517573323
2024-06-11,-0.06535541697420288,69.29160074612126
2024-06-12,-0.002419623810034688,69.12394113912053
2024-06-13,-0.03007008245131515,67.0453785297073
2024-06-14,-0.004590933830489141,66.73757763323732
2024-06-15,-0.004324657020458922,66.44896049959732
2024-06-16,-0.021561998380691283,65.01618812090639
2024-06-17,-0.025845751346419643,63.335795889241396
2024-06-18,-0.00788303682364866,62.836517477991414
2024-06-19,0.0063310794734940945,63.23434046398217
2024-06-20,-0.013762221484347914,62.364095465100185
2024-06-21,-0.03847664821953978,59.96453410235973
2024-06-22,-0.005485391215922841,59.63560517372774
2024-06-23,-0.016035223769503282,58.67933490013727
2024-06-24,-0.04083642379939245,56.28308071188878
2024-06-25,0.005078677611976223,56.5689243338333
2024-06-26,-0.00876665702966839,56.07300397566132
2024-06-27,-0.0018389474500734027,55.969888667982325
2024-06-28,-0.029575902904334983,54.314528675171644
2024-06-29,-0.00717384962392853,53.92488441406141
2024-06-30,0.0035347204291518164,54.11549380463944
2024-07-01,-0.026163903831633917,52.69962122893348
2024-07-02,-0.0010550541571344718,52.64402027447648
2024-07-03,-0.002019539087244171,52.5377036178225
2024-07-04,-0.010330235992559222,51.994976740943265
2024-07-05,0.03327175640691782,53.72494094145129
2024-07-06,0.032637928506211056,55.478411722898784
2024-07-07,-0.12214683376979985,48.70189938836935
2024-07-08,0.058925450876718966,51.57168076838162
2024-07-09,0.041087634546228546,53.69063914072764
2024-07-10,0.0060121949420310905,54.01343772980394
2024-07-11,-0.0421945682094661,51.73436404728598
2024-07-12,0.015371531414731576,52.52960044945999
2024-07-13,0.09029776632304487,57.27290603588825
2024-07-14,-0.03090567364259167,55.50284829338027
2024-07-15,0.007694763160271734,55.929929565718325
2024-07-16,0.02312203280598113,57.22314323197308
2024-07-17,-0.013057868072458123,56.4759309769586
2024-07-18,-0.021633146254878333,55.25417890225364
2024-07-19,0.0010838168896185607,55.31406431456991
2024-07-20,-0.008235481826092683,54.858526343179946
2024-07-21,-0.008050297320156385,54.41689889557171
2024-07-22,-0.01934754864236954,53.36406529722273
2024-07-23,-0.030331242859349183,51.7454668727305
2024-07-24,-0.018959777812107004,50.764384318039795
2024-07-25,-0.037510378408042944,48.8601930526188
2024-07-26,0.0399289183653857,50.8111277123338
2024-07-27,0.06408928144058956,54.06757637660329
2024-07-28,-0.03774544728256235,52.0267715227843
2024-07-29,-0.0027155023760814245,51.885492701094336
2024-07-30,-0.011597087173025988,51.28377211922434
2024-07-31,0.0014310253701583786,51.35716049820437
2024-08-01,-0.02194937661861962,50.229902840366385
2024-08-02,-0.01816573409787048,49.317439781606424
2024-08-03,-0.050933810874887686,46.80551463093642
2024-08-04,-0.04632707003795644,44.63715227646643
2024-08-05,0.09444555437799851,48.85293286907244
2024-08-06,0.004507327873925826,49.07312905511624
2024-08-07,-0.025132343728423878,47.83980630787375
2024-08-08,0.03433219823418132,49.482252021520516
2024-08-09,-0.011819156928182806,48.89741351971827
2024-08-10,-0.008077012215957136,48.5024685133908
2024-08-11,-0.03585961892940115,46.763188475365325
2024-08-12,0.04846936838298621,49.029770684340825
2024-08-13,0.022913051538732132,50.153192346963344
2024-08-14,-0.007872627268937782,49.75835495726836
2024-08-15,-0.027922345466432352,48.368984980310145
2024-08-16,-0.046932901433208496,46.09888817580491
2024-08-17,0.01568783753305536,46.82208004396142
2024-08-18,-0.019499386271344177,45.90907821915642
2024-08-19,-0.02853654364762037,44.59899180473345
2024-08-20,0.03173638761132391,46.01440269572273
2024-08-21,-0.005152727524142531,45.77730301644551
2024-08-22,0.007029247783632675,46.099083022214536
2024-08-23,0.009051243383549012,46.51633704240703
2024-08-24,-0.006221865683961436,46.22691864121929
2024-08-25,-0.028420698439636904,44.91311732672357
2024-08-26,-0.03624417426384918,43.2852784756011
2024-08-27,-0.04961918039930446,41.13749843428612
2024-08-28,-0.007923056031977294,40.811563729175894
2024-08-29,-0.021572594000559664,39.93115243431842
2024-08-30,-0.026831673884082807,38.859732774385186
2024-08-31,-0.017555027043158367,38.17754911464095
2024-09-01,-0.05149500727457812,36.21159594525695
2024-09-02,0.00850175776748241,36.51945816235747
2024-09-03,-0.030829303830422816,35.39358869094774
2024-09-04,0.03309745096619343,36.565026257164
2024-09-05,-0.05654958706366653,34.49728912134925
2024-09-06,-0.033114564937234636,33.35492640058177
2024-09-07,-0.01375670676579499,32.89607245889429
2024-09-08,-0.01532648015652116,32.39189145712557
2024-09-09,0.02277491867253123,33.12961415071106
2024-09-10,-0.005522228511452565,32.94666485087458
2024-09-11,-0.027827320840356995,32.02984743744958
2024-09-12,-0.01879195539212053,31.4279439731886
2024-09-13,0.008490576830277208,31.694785346110603
2024-09-14,-0.003073800084583689,31.597361912232863
2024-09-15,-0.024142149325199314,30.83453368266537
2024-09-16,-0.026973619341049804,30.00281470855038
2024-09-17,-0.0025350500975107604,29.926756070197868
2024-09-18,0.049276010359958766,31.401427212352896
2024-09-19,0.1836439703020718,37.1681099787809
2024-09-20,0.0014618117595910363,37.222442759029654
2024-09-21,-0.017823299433043394,36.55901601610615
2024-09-22,-0.032728943774897656,35.362478036449424
2024-09-23,-0.004600747981067688,35.199784187017684
2024-09-24,0.0021169960264983967,35.274301990275205
2024-09-25,-0.038483554667707365,33.916821461267226
2024-09-26,0.011362774987726088,34.30221067183048
2024-09-27,0.06025439780846531,36.36906971936074
2024-09-28,0.04470039164984674,37.994781379756745
2024-09-29,-0.0200642987512466,37.232442735165
2024-09-30,-0.05039801773491248,35.35600142588404
2024-10-01,-0.045817970724173374,33.73606118762905
2024-10-02,-0.0479132304590798,32.11965751316456
2024-10-03,-0.027990600781670927,31.220609002469576
2024-10-04,0.033664187235877385,32.27162542954683
2024-10-05,-0.014982709593139854,31.788109037637344
2024-10-06,0.00571239887575592,31.969695395966355
2024-10-07,-0.03309403140121003,30.91168929264512
2024-10-08,-0.022799386186253212,30.206921750792635
2024-10-09,-0.03030002335709603,29.291651316197644
2024-10-10,0.017643936676053018,29.80847135715766
2024-10-11,0.06262114337499525,31.67511191580367
2024-10-12,-0.01777993702853331,31.11193042056893
2024-10-13,-0.020103335190782556,30.48647685489193
2024-10-14,0.0028865322153448503,30.57447705246594
2024-10-15,0.07508536636561569,32.87017286338745
2024-10-16,-0.00626281393485717,32.664313086737465
2024-10-17,-0.00693943130532404,32.437641329936454
2024-10-18,-0.010897294990589224,32.08415878356521
2024-10-19,-0.09005792782706723,29.194725927442725
2024-10-20,0.045306730730495515,30.51744351378799
2024-10-21,-0.0013209592032099593,30.47713121592001
2024-10-22,0.019225537164532458,31.063070434780016
2024-10-23,-0.06698719327053904,28.982242531989037
2024-10-24,-0.03927289060706518,27.844026091482803
2024-10-25,-0.04038851244388564,26.71944729719907
2024-10-26,-0.033214522854951856,25.831973604274573
2024-10-27,0.03484080486591523,26.731980355922577
2024-10-28,0.01681969314124876,27.181604062567082
2024-10-29,0.020402000852111968,27.73616317181335
2024-10-30,-0.0010033799337207938,27.708333262248342
2024-10-31,-0.0687052276758996,25.80462591694587
2024-11-01,-0.004102366640993393,25.698765880400877
2024-11-02,-0.019597993691988558,25.19512162878489
2024-11-03,-0.02568692205311085,24.547936503387643
2024-11-04,-0.044493451210359414,23.455714088259164
2024-11-05,0.020600346585903928,23.938909927897175
2024-11-06,0.02332943215637684,24.497391102957668
2024-11-07,-0.011425084608191027,24.21750633692643
2024-11-08,-0.009453635382193237,23.988562862151174
2024-11-09,0.00021984189227253204,23.99383655320369
2024-11-10,0.07400823187344341,25.76957797236669
2024-11-11,0.07835016314962884,27.7886286107987
2024-11-12,-0.034070375740297365,26.84185959272121
2024-11-13,-0.0051191446481322345,26.704452230841216
2024-11-14,-0.05644702964260229,25.197065224177464
2024-11-15,0.056597807101900655,26.623163861269468
2024-11-16,0.10741841489894743,29.482981922841976
2024-11-17,-0.1206905950028978,25.9246632921145
2024-11-18,0.16059668779250336,30.088078348963982
2024-11-19,-0.05895013712407993,28.314382004492494
2024-11-20,0.004976450545614908,28.455287126267503
2024-11-21,-0.014020304396585304,28.056335339064997
2024-11-22,0.095828665052754,30.74493650088
2024-11-23,0.08865643637835219,33.470673007726745
2024-11-24,-0.04504435753297176,31.963008045897517
2024-11-25,-0.10214414160368779,28.69817402597755
2024-11-26,-0.016357037992009826,28.228756903133323
2024-11-27,-0.05026925359346823,26.80971836374135
2024-11-28,-0.015870014567009094,26.38424774277136
2024-11-29,0.04439997379547056,27.555707651163615
2024-11-30,0.04949081340710593,28.919462036828115
2024-12-01,-0.014950022678124397,28.487115423538377
2024-12-02,-0.013330882083307016,28.10735704693363
2024-12-03,0.4506716230211125,40.774545266109115
2024-12-04,-0.10832989843304008,36.35744291877811
2024-12-05,-0.004784340032757517,36.1834965491331
2024-12-06,0.02971196466828996,37.25857932017614
2024-12-07,-0.041399114655713776,35.71610712299116
2024-12-08,0.08417020005518938,38.7223390047259
2024-12-09,-0.16480537306975696,32.34068947891845
2024-12-10,0.008517569533376124,32.61615355031246
2024-12-11,-0.013565395216674547,32.17370253695473
2024-12-12,0.015341586367455307,32.66729817318624
2024-12-13,-0.05563606930587239,30.849818107987254
2024-12-14,-0.03323330547521253,29.82457667894977
2024-12-15,-0.020358346872649258,29.217397601589788
2024-12-16,-0.03703524912593903,28.135324002603294
2024-12-17,-0.0001410787880076203,28.131354705192805
2024-12-18,-0.12463257991723375,24.625271391717813
2024-12-19,8.495818266185395e-05,24.62736351002281
2024-12-20,0.3296733028589818,32.7463477790808
2024-12-21,-0.026665207922601075,31.873159606845803
2024-12-22,-0.012643582722653646,31.47016867672431
2024-12-23,0.0018632400512876846,31.528805155423562
2024-12-24,0.03256241426710593,32.55545917024133
2024-12-25,-0.019505480064790137,31.920449310396098
2024-12-26,-0.04677185588594579,30.427470655435613
2024-12-27,-0.04068320409946258,29.189583656530118
2024-12-28,-0.018696057488812867,28.643853522413117
2024-12-29,-0.04547517437850124,27.341269288609134
2024-12-30,-0.030808386150653955,26.498928906516646
2024-12-31,-0.04081924974622253,25.417262509474146
2025-01-01,0.0006353949405046855,25.433412509474145
